episode,reward,rolling_reward_50
1,-135.49038386642505,
2,-103.18939557004526,
3,-195.88160785143623,
4,-546.2704447041046,
5,-262.7318702001975,
6,-351.55166150370604,
7,-357.9940930539194,
8,-253.8500196181872,
9,-292.10928541652436,
10,-214.78088171387049,
11,2.5302831078783186,
12,-57.08930711553903,
13,-90.2827927041524,
14,-96.47640496236012,
15,-205.77143283151582,
16,-150.0764581890773,
17,-143.44367662782255,
18,-266.76493088035943,
19,214.07391198606243,
20,9.186100139981903,
21,-21.166119778917405,
22,-116.74899287379773,
23,-242.505749777796,
24,-134.96038120776458,
25,-108.96676076557972,
26,-26.59471064775202,
27,-43.58852804327691,
28,-71.76475113838262,
29,-38.590890184587,
30,-5.326635087744834,
31,-37.99924322956764,
32,-3.136718505785204,
33,-20.84466552847996,
34,33.163113802229844,
35,-13.400239074561586,
36,-37.561964609398665,
37,13.02037071326778,
38,-49.018579279762626,
39,-40.28827733329038,
40,-122.18623249660861,
41,-105.25963197693079,
42,-12.553691828896152,
43,-138.98903371227397,
44,-20.495026448211238,
45,-20.972249965194965,
46,10.291017011741118,
47,46.72480743441844,
48,177.04757806323562,
49,277.751382978017,
50,-1.0753214107062092,-87.47920952955354
51,17.56692100107179,-84.41806343220361
52,65.964204047625,-81.0349914398502
53,-58.890774910684726,-78.29517478103517
54,23.95263817719668,-66.89071312340914
55,143.81633060774857,-58.75974910725023
56,-140.362302436544,-54.535961925906996
57,227.98493556879822,-42.81638135345264
58,0.8426433110816731,-37.72252809486726
59,173.8326521993909,-28.40368934254895
60,25.19034343419652,-23.604264839587607
61,-73.13198692794695,-25.11751024030411
62,-53.10452963759886,-25.03781469074531
63,20.67823148706482,-22.81859420692097
64,-299.07600227078024,-26.870586153089366
65,157.48787696152073,-19.605399957228634
66,-70.6673828413794,-18.01721845027468
67,121.5863952803392,-12.71661701211144
68,-79.54594931017336,-8.972237380707723
69,-64.9094609893703,-14.55190484021638
70,-231.47092295111287,-19.365045302038272
71,-56.84032758709121,-20.078529458201746
72,-73.43790147741231,-19.212307630274044
73,-23.96448852324464,-14.841482405183013
74,-16.894984680043848,-12.4801744746286
75,207.48602565544968,-6.151118746208011
76,54.47623964361787,-4.529699740380614
77,188.15726937765925,0.10521620803810779
78,-45.4972611253461,0.6305660082988398
79,204.01742026178601,5.4827322172263
80,-44.287490161400115,4.703515115753198
81,-217.9319791333819,1.104860397676913
82,198.21267958726685,5.1318483595379485
83,-52.1903080486606,4.504935509134339
84,-145.75777606099538,0.926517711869835
85,179.905184928594,4.7926261919329445
86,268.4281064515091,10.9124276131511
87,-132.5675357579646,8.000669483726453
88,93.38736313071499,10.848788331936003
89,-204.98322305104793,7.554889417580851
90,107.11692872835289,12.140952642080082
91,110.04561673291141,16.447057616276926
92,136.64326870051173,19.430996826865083
93,-59.98800139939792,21.011017473122603
94,-34.57179771311803,20.729482047824465
95,233.74563596339954,25.823839766396357
96,220.70266277091864,30.03207268157991
97,27.867409510781883,29.65492472310718
98,92.83827278194345,27.970738617481334
99,-86.27274856714666,20.690255986578062
100,272.3677651463333,26.159117717718853
101,231.70410541406127,30.441861405978646
102,-16.763186046920218,28.78731360408774
103,256.05394377652897,35.08620797783201
104,12.36176984242868,34.85439061113665
105,257.22012562258624,37.12246651143341
106,-241.51774260252867,35.099357708113715
107,274.09365584536295,36.021532113645
108,233.79575428174988,40.680594333058366
109,234.33829601336646,41.890707209337876
110,150.84529710440117,44.40380628274197
111,-67.21015577508433,44.52224290579923
112,-68.31154683983551,44.21810256175449
113,275.5645145312112,49.31582822263743
114,255.31822597120853,60.403712787477204
115,212.47136224801585,61.503382493207106
116,-87.84232852505139,61.15988357953367
117,242.57167934888372,63.579589260904555
118,257.74308146671535,70.32536987644232
119,266.0446741007007,76.94445257824374
120,218.45761268432955,85.9430232909526
121,263.6633940193499,92.35309772308142
122,278.11083053352445,99.38407236330015
123,238.23186345527742,104.62799940287059
124,258.4165579615875,110.13423025570322
125,280.38417047234685,111.59219315204116
126,251.1629592765913,115.52592754470064
127,-31.69291881238493,111.12892378089975
128,-9.188627001187584,111.85509646338292
129,246.96342873420852,112.71401663283137
130,265.11930382295367,118.90215251251844
131,25.2683236897348,123.76615856898079
132,255.87770800163796,124.9194591372682
133,21.368738031793185,126.39064005887727
134,245.21495556776003,134.2100946914524
135,296.7483682746158,136.54695835837285
136,279.4460918930887,136.7673180672044
137,262.0552854130491,144.6597744906247
138,269.5446980671285,148.18292118935295
139,248.6002342777308,157.25459033592853
140,279.03557196625474,160.69296320068656
141,276.31381059117285,164.01832707785178
142,284.59328407389273,166.9773273853194
143,0.8025561957143026,168.19313853722164
144,285.5145830722998,174.59486615293
145,12.396954110808025,170.16789251587818
146,274.58567242141953,171.2455527088882
147,235.34975835522303,175.39519968577702
148,297.046178536727,179.4793578008727
149,239.5489639990319,185.99579205219626
150,2.2245285500763288,180.59292732027112
151,263.7807915618383,181.23446104322667
152,268.15117778996466,186.93274831996436
153,-39.378185782221834,181.02410572878932
154,9.768738716894887,180.97224510627868
155,281.0980221523123,181.4498030368732
156,246.02698068827863,191.20069750268937
157,297.86481032158673,191.67612059221383
158,277.6281518643824,192.55276854386645
159,248.93957494212702,192.8447941224417
160,262.86368119479175,195.0851618042495
161,32.632142851067584,197.08200777677254
162,27.127324487509085,198.99078520331943
163,257.86717746393697,198.63683846197395
164,293.1851032220855,199.39417600699147
165,273.50079431387945,200.61476464830872
166,215.9445492391607,206.69050220359298
167,55.823054398461295,202.95552970458454
168,3.6919922283162663,197.87450791981655
169,239.08291922415006,197.33527282228553
170,191.7907187076626,196.80193494275218
171,190.95979140474049,195.34786289046002
172,281.7017148894266,195.41968057757808
173,246.91124004619212,195.59326810939638
174,265.4541858945006,195.73402066805463
175,-54.091720166495264,189.04450285527778
176,280.9529406649607,189.6403024830452
177,242.45342329718542,195.12322932523657
178,279.27671710689174,200.89253620739817
179,195.5473555184778,199.86421474308355
180,126.40345394244565,197.0898977454734
181,297.2152584742619,202.52883644116392
182,281.6126518043286,203.04353531721773
183,291.5971732475102,208.4481040215321
184,300.7104726136995,209.55801436245088
185,194.55790705654897,207.51420513808952
186,171.41840026554425,205.35365130553865
187,279.6813963330491,205.70617352393865
188,252.8497999205599,205.37227556100729
189,271.92491801460847,205.83876923574482
190,215.03820610140326,204.5588219184478
191,230.13903519960175,203.6353264106164
192,-17.862529477210003,197.58621013959433
193,294.31411891680244,203.45644139401608
194,36.30457282753483,198.4722411891208
195,231.9061965537191,202.86242603797902
196,-20.118692962940997,196.96833873029178
197,228.03597423815293,196.8220630479504
198,208.52264496358652,195.0515923764876
199,239.55230948400344,195.051659286187
200,35.12010877232797,195.70957089063205
201,262.85240616903263,195.69100318277594
202,243.25789613162897,195.19313754960925
203,252.1852225337414,201.0244057159285
204,277.98308977892805,206.38869273716912
205,37.056339742751675,201.50785908897794
206,248.77124916781824,201.56274445856872
207,155.09244821808863,198.70729721649877
208,-38.92696154965469,192.37619494821803
209,218.8774659131556,191.77495276763858
210,231.13825855083581,191.1404443147595
211,235.43334677843657,195.19646839330687
212,12.15772523718283,194.89707640830034
213,246.25001821765807,194.66473322337475
214,241.27780878826294,193.6265873346983
215,240.10047349666465,192.95858091835402
216,255.22987472549192,193.74428742808064
217,-145.04980903617096,189.72683015938802
218,257.0563229286337,194.79411677339434
219,255.71636672827796,195.1267857234769
220,264.3450300298991,196.57787194992164
221,273.41569412482124,198.22699000432326
222,7.220439622261111,192.73736449897993
223,234.0311314657794,192.47976232737167
224,274.786499612218,192.666408601726
225,57.140963234861275,194.89106226975315
226,201.92247270208873,193.3104529104957
227,247.3648928895208,193.40868230234238
228,-308.44991007266424,181.6541497587513
229,183.86453590491698,181.4204933664801
230,279.9580610548394,184.49158550872795
231,268.52733286848127,183.91782699661235
232,284.6838662626815,183.97925128577938
233,254.1766440100476,183.23084070103013
234,277.1600130866517,182.7598315104892
235,256.7829181185184,184.00433173172857
236,245.48481381384462,185.4856600026946
237,205.7958595572348,184.00794926717828
238,8.024664702738818,179.1114465628219
239,233.95257424165655,178.35199968736285
240,282.5684920369706,179.7026054060742
241,305.2598809906898,181.20502232189594
242,-123.76362877850386,179.08700033587007
243,244.69185496422025,178.09455505681842
244,-13.976138031041671,177.0889408396469
245,265.88057205282496,177.76842834962903
246,257.5187210744633,183.3211766303771
247,267.32330991239735,184.10692334386198
248,286.2269214036776,185.66100887266384
249,313.3081103544405,187.13612489007255
250,219.03695778077503,190.81446187024147
251,199.90952665829982,189.5556042800268
252,224.77470104048743,189.185940378204
253,226.43840521542353,188.6710040318377
254,195.00268735523787,187.01139598336385
255,258.8796403247556,191.44786199500393
256,-134.01173146121462,183.79220238242328
257,271.98861641135113,186.13012574628854
258,227.54686657553788,191.45960230879237
259,233.45459631428633,191.75114491681498
260,257.4360063270592,192.27709987233945
261,273.3584834543974,193.03560260585868
262,270.1774854900228,198.19599781091546
263,23.14213753512327,193.73384019726475
264,274.8925042221522,194.40613410594256
265,275.77247471052766,195.1195741302198
266,-265.0022106192341,184.7149324233253
267,207.09853883679978,191.75789938078472
268,177.44173539006647,190.16560763001337
269,242.8119546801662,189.90751938905115
270,265.13403883919705,189.9232995652371
271,260.8073930887066,189.6711335445148
272,247.42376381163925,194.47520002830234
273,268.7081638311731,195.16874067561022
274,259.903616219038,194.87108300774662
275,-102.34420261613491,191.68137969072671
276,254.14618019994842,192.72585384068393
277,259.9013827769867,192.97658363843323
278,274.1776082315163,204.62913400451686
279,11.76961057173223,201.18723549785318
280,282.863733743872,201.24534895163382
281,244.92277449810908,200.77325778422636
282,273.44610000016877,200.54850245897612
283,267.7169492716796,200.81930856420874
284,272.86412510980335,200.73339080467179
285,272.05015396544,201.03873552161022
286,271.207594565598,201.5531911366453
287,250.21504809221264,202.44157490734483
288,279.93205909178033,207.87972279512564
289,279.10378898427274,208.782747089978
290,-83.09047133881322,201.46956782246232
291,275.91815959333866,200.88273339451527
292,307.47429292567443,209.50749182859883
293,275.901476605746,210.13168426142937
294,254.0514184528877,215.49223539110795
295,260.0512530001796,215.375649010055
296,261.1577228431569,215.4484290454289
297,300.395468325268,216.10987221368634
298,297.49560979745615,216.3352459815619
299,287.35122452685937,215.81610826501029
300,277.2251317284755,216.9798717439643
301,285.9648288363154,218.70097778752464
302,284.7685666333899,219.90085509938265
303,262.01600986529854,220.61240719238015
304,284.04791667308376,222.3933117787371
305,257.66238477081833,222.3689666676583
306,277.49231026999587,230.5990475022825
307,304.22559064926446,231.24378698704078
308,278.12012956787066,232.25525224688747
309,240.0477451203084,232.38711522300792
310,274.93617065258337,232.73711850951838
311,303.50854013045785,233.3401196430396
312,283.3528670176553,233.60362727359225
313,254.53031369402612,238.23139079677028
314,256.254184273304,237.85862439779333
315,294.29022780850164,238.2289794597528
316,272.369016606954,248.97640400427656
317,250.0935077685033,249.83630338291064
318,301.05972193216326,252.30866311375257
319,264.538717679539,252.74319837374006
320,250.48344009936903,252.4501863989435
321,288.8920246402345,253.01187902997404
322,271.01531210911685,253.4837099959236
323,267.4552843550369,253.4586524064009
324,243.23193650485513,253.12521881211723
325,245.89039520610893,260.0899107685621
326,260.7515369609114,260.2220179037813
327,257.7545511446426,260.17908127113446
328,312.42578001862995,260.94404470687675
329,235.83768563963253,265.42540620823473
330,276.49458221055454,265.2980231775684
331,241.20242818871483,265.2236162513805
332,257.53794896233984,264.9054532306239
333,247.28019232296361,264.4967180916496
334,248.58338534374127,264.0111032963284
335,20.59711305202495,258.98204247806007
336,251.122423721343,258.580339061175
337,268.71370948838756,258.95031228909846
338,289.819899906989,259.1480691054026
339,288.2332295835516,259.3306579173882
340,249.21470481759408,265.9767614405163
341,271.9172673655421,265.8967435959604
342,276.3313579559865,265.27388489656664
343,252.79041830606104,264.81166373057295
344,-10.17163929446916,259.52720257562584
345,274.2859262285449,259.8118960401931
346,246.5203908755207,259.51914940084043
347,308.25472652399304,259.67633456481497
348,273.1665095036678,259.1897525589391
349,-38.543409649145474,252.67185987541905
350,291.0425101659568,252.9482074441687
351,302.1308694712393,253.27152825686716
352,-50.265882176489214,246.57083928066953
353,263.8065079094026,246.60664924155162
354,296.07827182146,246.84725634451917
355,280.03521072573994,247.2947128636176
356,276.5969125893081,247.27680491000385
357,27.500668387317205,241.7423064647649
358,-45.215715439489855,235.2755895646177
359,250.63446951039742,235.4873240524195
360,291.92322312903593,235.82706510194856
361,240.28745104618807,234.56264332026316
362,-65.84058027302122,227.5787743744496
363,227.86548957764182,227.0454778921219
364,234.0499746589579,226.601393699835
365,274.4874768917447,226.20533868149985
366,265.3484695840254,226.06492774104126
367,264.593338763254,226.35492436093628
368,-25.408196789529157,219.82556598650243
369,-18.128557082114156,214.17222049126937
370,-4.126497662167466,209.08002173603862
371,265.9164372859271,208.62050998895248
372,302.10881768682304,209.2423801005066
373,229.84304927040665,208.49013539881403
374,255.66449980966425,208.7387866649102
375,280.78824612645553,209.4367436833171
376,250.2499615548431,209.22671217519576
377,34.21555108817776,204.75593217406646
378,159.32159621865293,201.69384849806696
379,238.08180769692973,201.7387309392129
380,263.6822231204239,201.48248375741025
381,8.269688739191622,196.8238289684198
382,-3.8579626280408945,191.5959107366122
383,257.7205346590127,191.8047175833332
384,236.53617897144068,191.5637734558872
385,-16.669910573312137,190.81843298338043
386,264.9472386934382,191.09492928282233
387,-58.897554428695585,184.54270400448067
388,-36.31781476399702,178.01994971106097
389,-46.846918018167756,171.31834675902658
390,-323.3086110748727,159.86788044117725
391,283.49436050427215,160.09942230395183
392,294.1894741415663,160.4565846276634
393,-41.75199474664798,154.56573636660926
394,-119.56317275015756,152.3779056974955
395,296.0934694895301,152.81405656271517
396,251.20001604376347,152.90764906608
397,25.207373782650464,147.24670201125318
398,290.6953254607643,147.5972783303951
399,-74.04528239251829,146.88724087552762
400,22.74035814311057,141.52119783507072
401,260.9978138287286,140.6985367222205
402,-20.77881877245713,141.28827799030114
403,278.7752058298154,141.58765194870938
404,270.6592262615295,141.07927103751078
405,258.0960999599281,140.64048882219456
406,290.0822614361151,140.9101957991307
407,233.4136333509851,145.02845509840404
408,270.0820236665272,151.33440988052436
409,252.21445471839476,151.36600958468435
410,-100.84723774815043,143.5106003671406
411,297.12317566111943,144.6473148594392
412,258.65398276383456,151.13720612017636
413,279.89323802885275,152.1777610892006
414,272.12590901581734,152.93927977633777
415,250.0128421495074,152.44978708149304
416,268.83188051819945,152.5194553001765
417,239.96853996714952,152.0269593242544
418,279.60698497245767,158.12726295949415
419,195.59967747886802,162.4018276507138
420,204.31292803386202,166.5706161646344
421,-53.875702474529945,160.17477336942525
422,292.378716463232,159.98017134495342
423,251.78698361970154,160.41905003193932
424,295.2796053786535,161.2113521433191
425,141.64310311786195,158.42844928314722
426,-226.71612116888724,148.8891276286726
427,258.1144496062638,153.36710559903435
428,270.57702644234496,155.59221420350818
429,261.43289931559684,156.05923603588153
430,268.8433560733215,156.1624586949395
431,280.8664216922008,161.61439335399967
432,-144.18358478851314,158.80788091079023
433,274.17549050937384,159.13698002779745
434,235.54798302152344,159.11721610879908
435,265.3387089344527,164.75738849895438
436,259.68083579606537,164.65206044100697
437,304.37204204988814,171.91745237057862
438,276.9854237093499,178.18351714004555
439,272.9069459380287,184.57859441916946
440,293.29556257701717,196.91067789220727
441,261.70083145262913,196.4748073111744
442,277.45823133759654,196.140182455095
443,269.0188190117094,202.35559873026216
444,290.63130703758577,210.55948832601703
445,286.8846847330583,210.3753126308876
446,285.4262405741333,211.05983712149498
447,297.0349448445362,216.49638854273272
448,280.1628168098002,216.2857383697134
449,293.39301652159145,223.63450434799563
450,4.9095468740319035,223.27788812261406
451,-41.41327371913685,217.22966637165675
452,269.0425811539212,223.0260943701843
453,283.7633361663094,223.12585697691418
454,284.23160262836404,223.39730450425085
455,265.32368629436087,223.54185623093954
456,276.2390073549858,223.26499114931696
457,-164.99642536430264,215.29678997501122
458,254.1559966490815,214.97826943466228
459,-30.77493380425932,209.31848166420917
460,269.59116673851076,216.7272497539424
461,237.77155409202388,215.5402173225605
462,274.3122363822504,215.85338239492884
463,236.29019988908934,214.98132163213356
464,265.3539635135742,214.8458827220887
465,-22.51285011000762,209.3953688768984
466,272.78404580791573,209.47441218269273
467,282.28566699296425,210.32075472320903
468,252.90512004742385,209.78671742470837
469,-88.66816959731041,204.10136048318478
470,287.1550923062483,205.7582037686325
471,264.85331758794996,212.1327841698821
472,239.15243233294612,211.06825848727635
473,-74.19702379945983,204.54857833889315
474,274.1552688852381,204.12609160902483
475,273.3242455993026,206.75971445865363
476,275.84041920209154,216.81084526607324
477,248.13419168310185,216.61124010761
478,312.49514956252017,217.4496025700135
479,25.41807126462305,212.72930600899403
480,288.4867707059329,213.12217430164625
481,246.57504283291877,212.4363467244606
482,305.3209666688977,221.4264377536088
483,281.6345178159615,221.57561829974054
484,302.21392717530176,222.90893718281612
485,267.19586301691356,222.94608026446534
486,257.6573787231221,222.90561112300648
487,270.1362508477423,222.22089529896357
488,307.9155826608991,222.83949847799454
489,217.4978999174869,221.73131755758374
490,-22.1808116860187,215.421790072323
491,276.17932945118287,215.7113600322941
492,275.39047025958837,215.67000481073393
493,250.718248778079,215.30399340606132
494,267.1757124203897,214.8348815137174
495,299.97342087281174,215.09665623651244
496,282.18372730926365,215.03180597121505
497,18.462868537041643,209.46036444506518
498,281.57053925497326,209.48851889396863
499,295.244646053926,209.52555148461533
500,249.08240105720458,214.40900856827878
501,254.16365761172506,220.32054719489602
502,300.8411674731241,220.95651892128006
503,254.36129869376023,220.36847817182908
504,263.054069920482,219.94492751767146
505,226.71758842726,219.17280556032944
506,261.3907289135825,218.87583999150138
507,-36.551537730192095,221.44473774418358
508,37.12547664837376,217.10412734416946
509,275.57945188007636,223.23121505785616
510,309.9207255093286,224.0378062332725
511,270.85742488300923,224.69952364909219
512,283.4749699873722,224.88277832119462
513,274.4939619791983,225.6468535629968
514,250.6671931570493,225.35311815586633
515,285.7005521953405,231.5173862019733
516,264.4420832575351,231.35054695096568
517,269.7925468234877,231.10068454757612
518,255.1087592118871,231.1447573308654
519,268.64273368378855,238.2909753964874
520,277.7153996587789,238.10218154353797
521,275.8665370157882,238.32244593209475
522,276.5553043099247,239.07050337163435
523,284.14811514684465,246.2374061505604
524,305.5723680897904,246.86574813465145
525,271.245628140768,246.82417578548075
526,304.516718232965,247.39770176609824
527,287.63645104531145,248.1877469533424
528,279.71491923850346,247.5321423468621
529,262.74943361705743,252.2787695939108
530,280.2934045595153,252.11490227098244
531,265.57168882306223,252.49483519078532
532,268.44879826618984,251.75739182273117
533,245.58523407216637,251.03640614785525
534,237.19763217552796,249.7360802478598
535,250.1576284414724,249.395315556351
536,291.18464054876245,250.06586079286376
537,289.47017607804946,250.4525392974699
538,271.1013076405151,249.71625379706222
539,257.50198554262846,250.51633550956507
540,262.02802939256657,256.2005123311368
541,262.74985957563035,255.9319229336257
542,264.64420848848954,255.71699769820373
543,268.8559645749923,256.079752014142
544,256.88598000452237,255.87395736582462
545,269.72030113761343,255.26889497112066
546,266.94838992660425,254.96418822346746
547,267.41154856112996,259.94316182394925
548,268.4265101098582,259.68028124104694
549,270.3181388744682,259.18175109745783
550,289.11167833509745,259.9823366430157
551,289.3617033639739,260.6862975580607
552,284.08389459260866,260.35115210045035
553,250.10636144345108,260.2660533554441
554,249.18379926328444,259.9886479423002
555,17.950355031099193,255.81330327437698
556,239.7260309869681,255.3800093158447
557,240.6817714252507,260.92467549895355
558,288.2665693991702,265.9474973539694
559,263.10688892056726,265.6980460947793
560,290.3685372167637,265.307002328928
561,295.8475746283458,265.80680532383474
562,272.45768786245856,265.58645968133646
563,271.60030777511565,265.52858659725484
564,273.45611456718336,265.9843650254575
565,280.3306537937084,265.87696705742485
566,120.92370621819774,263.00659951663806
567,132.66349786737553,260.2640185375158
568,283.15786589132836,260.82500067110465
569,266.18988614325815,260.77594372029404
570,265.2303299944117,260.5262423270067
571,294.0319111796721,260.8895498102844
572,278.33157756200086,260.9250752753259
573,291.29837367768863,261.0680804459428
574,253.64554235355496,260.0295439312181
575,288.54337950927675,260.37549895858825
576,275.5216962692151,259.7955985193133
577,284.20092347065236,259.72688796782006
578,272.16770686607407,259.57594372037147
579,265.7723216231901,259.63640148049416
580,245.97830744161223,258.95009953813604
581,32.795770335282384,254.29458116838046
582,265.7671687721072,254.24094857849883
583,266.37876707622513,254.65681923858003
584,283.5844111450375,255.5845548179702
585,261.76298215756185,255.816661892292
586,264.661451267759,255.28619810667192
587,270.4039608010416,254.90487380113177
588,274.62169472967605,254.97528154291498
589,301.5539631372838,255.85632109480807
590,256.2844915381934,255.7414503377206
591,275.7422057402648,256.0012972610133
592,279.2794348453185,256.2940017881499
593,287.4202298252045,256.6652870931541
594,145.40473383875428,254.4356621698388
595,301.3921678887697,255.0690995048619
596,298.9859275636047,255.70985025760191
597,256.16456299358873,255.48491054625111
598,261.19131262022813,255.34020659645847
599,258.7305548743643,255.1084549164564
600,267.8367831117913,254.68295701199028
601,299.39850458516537,254.88369303641412
602,254.45980125073322,254.29121116957663
603,285.64514042844223,255.00198674927648
604,277.2526289041923,255.56336334209462
605,246.7366234392747,260.1390887102581
606,241.43558810511342,260.17327985262096
607,262.7501873292333,260.61464817070066
608,267.0348028077964,260.19001283887314
609,278.2744548598931,260.4933641576597
610,289.8612158629079,260.4832177305826
611,267.4033272628699,259.9143327832731
612,281.1106272245828,260.0873915705156
613,277.12677981344,260.197921011282
614,249.463338511284,259.71806549016407
615,275.02964811906304,259.6120453766711
616,312.18761493929014,263.43732355109296
617,294.8790652612172,266.68163489896983
618,283.298390001661,266.6844453811765
619,253.29878267524322,266.42662331181623
620,280.9879146596674,266.7417750051214
621,286.0289886035474,266.5817165535988
622,285.65376873050946,266.728160376969
623,295.34569251521606,266.8091067537195
624,271.0185069051711,267.1565660447518
625,278.7082637047497,266.9598637286613
626,268.73306849526693,266.8240911731823
627,295.4148799608236,267.04837030298575
628,273.9516888941174,267.0840499435467
629,288.5198157671915,267.5389998264267
630,5.41710618989454,262.7277758013923
631,280.5169225521921,267.68219884573057
632,297.49888553261394,268.3168331809406
633,284.85184989078215,268.68629483723174
634,255.27840742014624,268.12017476273394
635,286.45619203060573,268.6140389601948
636,259.7675330517951,268.51616059587553
637,259.85492790523574,268.3051799379594
638,69.20465164774984,264.1968390763209
639,288.68511314012704,263.93946207637777
640,276.6659972725392,264.3470921910647
641,304.9935994847275,264.93212006595394
642,259.0319533425039,264.52717043589763
643,301.95660208470684,264.81789788108773
644,273.22147648311255,267.3742327339749
645,282.5122641668187,266.99663465953586
646,17.698529361464892,261.370886695493
647,293.17034878655176,262.11100241135233
648,288.6922543020449,262.66102124498866
649,255.0392339499323,262.5871948265
650,234.9865102500544,261.9301893692653
651,264.43094467275534,261.23083817101707
652,252.7003837440084,261.1956498208826
653,234.2208180508834,260.16716337333145
654,246.15456736092764,259.5452021424661
655,301.24695009789946,260.63540867563864
656,282.60604443534277,261.4588178022432
657,266.7371771533176,261.5385575987248
658,234.33997471343267,260.8846610368376
659,299.64512147628346,261.3120743691654
660,243.01952409259013,260.37524053375904
661,259.1834347701042,260.21084268390376
662,255.46289425801018,259.69788802457225
663,298.8831099289994,260.13301462688344
664,141.5044981383112,257.97383781942403
665,260.7357098256503,257.68795905355574
666,281.4032904637661,257.07227256404525
667,247.51541955371084,256.12499964989513
668,291.1282923174706,256.28159769621135
669,293.07019667973066,257.0770259763011
670,282.9212590309506,257.11569286372674
671,286.1480522834589,257.118074137325
672,290.8930305913124,257.22285937454103
673,291.7018143199846,257.14998181063646
674,270.4892752397992,257.139397177329
675,304.29477331755436,257.6511273695851
676,280.01499347612173,257.8767658692022
677,303.5409557621822,258.03928738522933
678,300.0404633804007,258.561062874955
679,250.54631252175622,257.8015928100463
680,-255.3961924451996,252.5853268373444
681,297.1080900288348,252.91715018687725
682,266.42012308337905,252.29557493789258
683,235.1819851265499,251.30217764260794
684,60.48603876192277,247.40633026944346
685,290.33236286676856,247.48385368616673
686,298.3317309948917,248.25513764502864
687,240.86869985731477,247.87541308407023
688,314.7100499325994,252.78552104976723
689,265.6385965316069,252.32459071759678
690,293.4360082710009,252.65999093756602
691,276.8497946996131,252.09711484186377
692,251.35006798181476,251.94347713464998
693,256.2963627778202,251.03027234851226
694,267.3674198491274,250.91319121583254
695,281.5404311545889,250.89375455558792
696,280.1410535960065,256.14260504027874
697,279.4894911629243,255.8689878878062
698,237.47472858045614,254.84463737337444
699,49.242063737305074,250.7286939691219
700,272.69529083379746,251.48286958079677
701,253.03901516528788,251.2550309906474
702,324.9841172327242,252.70070566042173
703,304.09894660986663,254.0982682316014
704,291.39933644285134,255.00316361323985
705,309.7808087112536,255.17384078550694
706,262.31143423412914,254.7679485814827
707,289.7696263264179,255.2285975649447
708,274.8337869124538,256.0384738089251
709,252.34894976390055,255.09255037467747
710,261.39757991573083,255.46011149114025
711,287.5960595874935,256.02836398748804
712,-208.34277008326887,246.75225070066244
713,258.3500099789246,245.94158870166098
714,284.3281110429853,248.79806095975445
715,227.95365745010486,248.14241991224355
716,301.7352251467856,248.54905860590395
717,222.07789783674386,248.0403081715646
718,247.6202204020596,247.17014673325636
719,291.03235378288014,247.12938987531936
720,248.77644185355896,246.44649353177155
721,247.21542148525089,245.6678409158074
722,293.4436502167651,245.71885330831645
723,301.0419036246987,245.90565509441072
724,269.4181304150421,245.88423219791557
725,105.72641119327393,241.91286495542997
726,294.45204671749923,242.20160602025751
727,267.9712193240701,241.49021129149529
728,308.08972501154886,241.65119652411823
729,269.0938914220796,242.0221481021247
730,265.27173605994335,252.43550667222758
731,277.8271949849516,252.0498887713499
732,267.58120957737447,252.0731105012298
733,287.6162160519403,253.12179511973758
734,285.1235198946596,257.6145447423923
735,306.6166755245065,257.9402309955471
736,289.9422843098589,257.77244206184645
737,292.7742127138034,258.8105523189762
738,260.09155274800537,257.7181823752843
739,276.5766246660836,257.93694293797387
740,242.91358197609694,256.9264944120758
741,285.1449848535203,257.09239821515393
742,295.8635709565184,257.982668274648
743,303.97665049197076,258.93627402893105
744,304.2699264549798,259.6743241610481
745,293.12815188915454,259.9060785757394
746,263.1955858743447,259.5671692213062
747,261.81349617584794,259.2136493215646
748,296.13281737216687,260.38681109739883
749,320.3711111342654,265.80939204533803
750,292.86497459239615,266.21278572051
751,249.97038833709226,266.1514131839461
752,264.0738929807275,264.9332086989061
753,284.6404209582821,264.5440381858745
754,299.2774861218917,264.7016011794553
755,308.37058361308806,264.673396677492
756,306.95262994076205,265.56622059162464
757,274.3571935366384,265.25797193582906
758,257.86980296129445,264.91869225680585
759,279.2633792987285,265.45698084750245
760,294.30354102412196,266.11510006967023
761,276.13607248516973,265.88590032762374
762,265.4501031230141,275.3617577917494
763,273.37578513177755,275.6622732948065
764,213.12404851575965,274.23819204426195
765,275.61255642949646,275.1913700238498
766,286.499109193698,274.88664770478806
767,299.2327995077575,276.42974573820834
768,289.1880397317703,277.2611021248025
769,281.7775817605684,277.0760066843563
770,295.75809484700375,278.01563974422515
771,270.91636436609576,278.48965860184205
772,248.4039083692952,277.58886376489266
773,292.8221067313051,277.4244678270248
774,300.3136181546428,278.0423775818169
775,286.08332625462145,281.64951588304376
776,305.16353256945365,281.8637456000829
777,271.3989267998372,281.93229974959826
778,254.0027173876786,280.8505595971208
779,276.7149734017537,281.00298123671433
780,311.59640590761234,281.9294746336677
781,299.2885785907853,282.35870230578433
782,305.73060500723824,283.1216902143816
783,-507.5044962341616,267.2192759686596
784,254.55162344763278,266.60783803971907
785,278.8754837345975,266.0530142039209
786,303.9488816657439,266.3331461510386
787,300.75363081211935,266.4927345130049
788,263.819809816468,266.56729965437415
789,291.34916839673633,266.8627505289872
790,305.6191173625932,268.1168612367171
791,318.01793353777157,268.77432021040215
792,278.4879655983793,268.42680810323935
793,312.5937621378938,268.59915033615783
794,322.3056070613535,268.95986394828526
795,265.0233649840101,268.3977682101824
796,292.7501025513063,268.9888585437216
797,314.06649559501534,270.03391853210496
798,252.20397575705914,269.15534169980276
799,265.8823839240839,268.0655671555992
800,285.1751728555726,267.9117711208628
801,275.267851176324,268.4177203776474
802,305.0530217652481,269.2373029533378
803,262.62151815738184,268.79692489731985
804,259.22219194169577,267.9958190137159
805,303.97319818458857,267.9078713051459
806,266.43278063870014,267.0974743191046
807,261.4938077696308,266.8402066037645
808,289.19774810361935,267.466765506611
809,284.6435298794411,267.57436851822524
810,272.6918442251741,267.14213458224623
811,-3.4884338364631873,261.5496444558136
812,305.0847873523387,262.3423381404001
813,240.48392434768732,261.6845009247183
814,311.8597902446326,263.65921575929576
815,244.4025492226046,263.03501561515793
816,263.0837944522697,262.5667093203294
817,299.08715934971804,262.5637965171686
818,272.30037756702166,262.2260432738736
819,257.5579598699348,261.7416508360609
820,300.663227543315,261.8397534899872
821,282.1443728490829,262.0643136596469
822,299.239594830368,263.0810273888684
823,290.95643079774607,263.04371387019717
824,45.36754431111308,257.94479239332657
825,260.74310419626215,257.4379879521594
826,268.94841167952137,256.71368553436076
827,-141.2763416324859,248.46018016571426
828,302.8096199706012,249.4363182173727
829,298.63901600399913,249.8747990694176
830,246.54693250255306,248.57380960131644
831,156.10858524326167,245.71020973436598
832,251.2086087288241,244.61976980879768
833,254.97291153360743,259.8693179641531
834,297.0659874123288,260.719605243447
835,288.8103712037581,260.9183029928302
836,114.51059607565227,257.1295372810284
837,59.34037948030999,252.3012722543922
838,61.591358424989494,248.2567032265626
839,256.14805690710165,247.55268099676994
840,308.9294644475987,247.61888793847004
841,279.20767276642255,246.84268272304305
842,260.2877759576591,246.47867893022865
843,278.71491260043683,245.8011019394795
844,262.8962723061027,244.61291524437448
845,261.43343944113013,244.5411167335169
846,298.67084414832783,244.65953156545734
847,283.5355663525441,244.04891298060792
848,266.597754479123,244.3367885550492
849,298.9707201271075,244.99855527910967
850,293.22351698544276,245.15952216170706
851,266.54166078671074,244.98499835391476
852,-1.6378834004784437,238.85118025060027
853,285.76373148279737,239.31402451710858
854,276.7575004453681,239.664730687182
855,286.7113514614897,239.31949375272004
856,285.29951872831896,239.6968285145124
857,273.23398899434494,239.9316321390067
858,274.53231574827976,239.6383234918999
859,287.6464358038047,239.69838161038723
860,282.1564953961176,239.88767463380606
861,-2.694423680373859,239.90355483692784
862,282.8852047055738,239.45956318399251
863,241.83417476249724,239.48656819228873
864,303.2383676261523,239.31413973991914
865,258.66148870371717,239.59931852954136
866,267.6447217161276,239.69053707481856
867,253.5052644872112,238.77889917756843
868,258.5940409488857,238.5047724452057
869,295.0567452287421,239.25474815238184
870,250.8560040994492,238.25860368350453
871,267.7909313034312,237.97153485259147
872,247.21993328670342,236.93114162171818
873,280.0668179845517,236.7133493654543
874,290.5885626696101,241.61776973262425
875,230.60043273005152,241.01491630330005
876,304.7499090794006,241.73094625129764
877,285.472606112828,250.2659252062039
878,207.03839284899436,248.35050066377175
879,270.07880518588627,247.7792964474095
880,266.55487810553666,248.17945535946916
881,275.79444896552735,250.57317263391448
882,265.27617358578635,250.85452393105373
883,229.54669762269526,250.34599965283547
884,248.8661129580717,249.38200216375037
885,261.0428979174511,248.82665269802425
886,241.81286001435743,251.37269797679835
887,273.2749249304209,255.65138888580051
888,262.95909185416315,259.67874355438397
889,282.37182219802173,260.2032188602024
890,276.26051169785427,259.54983980520745
891,261.7085604668486,259.199857559216
892,276.47264618066,259.523554963676
893,259.18070059201,259.1328707235075
894,250.75862849200078,258.8901178472255
895,253.0249630111157,258.7219483186252
896,1.38082471694824,252.7761479299976
897,268.3326873297515,252.47209034954173
898,289.4176926234418,252.9284891124281
899,306.8413330773896,253.08590137143375
900,257.6822012785024,252.37507505729496
901,294.7255243182419,252.9387523279256
902,252.1283992289322,258.01407798051383
903,281.8433470299343,257.9356702914566
904,303.21097301658654,258.4647397428809
905,285.1512449844742,258.4335376133406
906,273.4346121851935,258.1962394824781
907,270.22380625404395,258.13603582767206
908,299.56037599684845,258.63659703264346
909,294.13486691809226,258.7663656549292
910,293.1902156392398,258.98704005979164
911,257.40272291617873,264.1889829917227
912,290.4384686553117,264.34004827071743
913,276.26605775661665,265.02868593059986
914,307.77455400705725,265.11940965821793
915,283.89594811831114,265.62409884650975
916,297.3172624300447,266.2175496607881
917,282.2131320787628,266.79170701261916
918,298.7225068897489,267.59427633143645
919,268.7924165996015,267.0689897588536
920,293.64724683793816,267.9248146136234
921,303.42577966384556,268.6375115808317
922,295.9877418680527,269.61286775245867
923,290.7939450855895,269.8274102944794
924,254.77708756663233,269.1111807924199
925,242.99557154167763,269.35908356865235
926,254.3809266514918,268.3517039200942
927,305.2333984277303,268.7469197663923
928,292.0755135385042,270.4476621801825
929,284.5848147251899,270.73778237096855
930,290.8493023383712,271.22367085562524
931,10.142585222780298,265.9106335807703
932,257.680069290656,265.7587114948677
933,296.19883542775415,267.0917542509689
934,278.55868237089226,267.6856056392253
935,309.37863813970057,268.65232044367025
936,53.29767039414679,264.88201665126604
937,16.490817731576158,259.7463345072892
938,57.57232056697467,255.63859908154538
939,265.6088247742214,255.3033391330694
940,287.21863321610044,255.52250156343433
941,303.6359470701779,256.3610492955009
942,271.21931500702465,256.25598267202815
943,243.35071472229657,255.9393829546339
944,285.62205476814825,256.63665148015684
945,281.0959862313897,257.19807194456234
946,308.0068551005742,263.3305925522349
947,278.48673738028765,263.53367355324565
948,284.95441799944706,263.4444080607657
949,279.97184423843413,262.9070182839866
950,292.8913343095807,263.6112009446082
951,311.6850214876373,263.9503908879961
952,275.0614292871891,264.4090514891612
953,303.9137721270737,264.850459991104
954,269.30528554823786,264.17234624173705
955,293.6063583330797,264.3414485087091
956,246.026626751607,263.7932888000374
957,281.17985600227087,264.01240979500193
958,294.5356838884353,263.9119159528337
959,270.3642359404605,263.43650333328105
960,302.3294414441916,263.6192878493801
961,299.42614231298865,264.4597562373163
962,307.4431732684962,264.79985032957995
963,258.1557961923917,264.43764509829543
964,276.3130320007891,263.8084146581701
965,287.0811443810833,263.8721185834255
966,288.81616402054556,263.7020966152355
967,31.486948962436685,258.687572952909
968,271.2856200566743,258.1388352162475
969,271.711184442609,258.19721057310767
970,32.15365705618112,252.96733877747255
971,261.3661482611931,252.1261461494195
972,320.7423651136725,252.6212386143319
973,-196.5293092206955,242.87477352820622
974,278.68847941091315,243.3530013650918
975,286.27378437315485,244.21856562172135
976,292.93982497095,244.9897435881105
977,268.0970075185277,244.24701576992643
978,275.3234242486927,243.9119739841302
979,277.4062066118124,243.76840182186268
980,274.1068191990702,243.43355215907667
981,25.683994893036157,243.74438035248178
982,296.03536449084095,244.51148625648545
983,278.9260737604243,244.16603102313886
984,270.03187273659205,243.99549483045286
985,268.4130844425773,243.1761837565104
986,287.51595335996114,247.86054941582668
987,261.9159070057599,252.76905120131036
988,284.8985190979114,257.3155751719291
989,277.9185965175986,257.56177060679664
990,303.1635133144706,257.88066820876406
991,264.9784433908119,257.10751813517675
992,259.0999379195443,256.8651305934271
993,315.8358541785525,258.31483338255225
994,294.726460007967,258.49692148734863
995,261.2170113340126,258.09934198940107
996,277.20660700062047,257.483337027402
997,275.68044504059765,257.4272111806082
998,304.3511878468545,257.81514657755633
999,286.3486665522728,257.9426830238331
1000,54.257187288553524,253.1700000834126
